model,n_predictors,median_within_subject_R2,iqr_within_subject_R2,cv_R2_grouped_by_subject,delta_cvR2_vs_M1
M0_null,0,0.0,0.0,-4.206170398868281e-06,-3.4690784878055325e-06
M1_degree,1,0.0002479585514740812,0.0007553452264654759,-7.370919110627483e-07,0.0
M2_degree_strength,2,0.009763488663509068,0.018700132936308678,0.010285833826418789,0.010286570918329851
M3_strength_plus_degree,2,0.009763488663509068,0.018700132936308678,0.010285833826418789,0.010286570918329851
M3_betweenness_plus_degree,2,0.0682841245046184,0.06798621666238736,0.07056997932059816,0.07057071641250923
M3_closeness_d_plus_degree,2,0.408235370859247,0.16052083884061308,0.3523473904428961,0.35234812753480715
M3_redundancy_plus_degree,2,0.2917467365761893,0.14006399501087463,0.018745351124279885,0.018746088216190948
M3_bridge_plus_degree,2,0.16508842591532624,0.08634855986557421,0.14650199145710396,0.14650272854901503
M3_participation_plus_degree,2,0.00773655484381075,0.016624031444886667,0.005463919227437719,0.005464656319348782
M3_wmz_plus_degree,2,0.005923296634127606,0.012363884772741418,0.004883178334162519,0.004883915426073582
M3_kcore_plus_degree,2,0.002569357617311474,0.004954506456426255,0.0012897422980193696,0.0012904793899304323
M3_eigenvector_plus_degree,2,0.05424049547209997,0.0905049977288882,0.030439130357093225,0.030439867449004288
M3_pagerank_plus_degree,2,0.01240519103203419,0.03663072117438415,0.0011550895895890978,0.0011558266815001605
M3_clustering_plus_degree,2,0.08417399993204344,0.07265080661401546,0.07488256663302606,0.07488330372493712
M4_degree_plus_set,7,0.5119714891788398,0.1279434959834862,0.29418245016118194,0.294183187253093
