,degree,strength,betweenness,closeness_d,redundancy,bridge,participation,within_module_z,kcore,eigenvector,pagerank,clustering
degree,1.0,0.5382457671130549,0.9477958638974735,0.942327271224672,-0.608896971544693,0.08272437223990432,0.5698932362248215,0.9539040931341306,0.7962853649160437,0.9485951821435351,0.9973988067604872,-0.8809266308387895
strength,0.5382457671130549,1.0,0.519137369904174,0.47850772836059785,-0.38682851387113515,-0.14980858889601548,0.2519434522100284,0.5443582572252166,0.4090424936779807,0.4706302577758234,0.5480502573996072,-0.4351140299590817
betweenness,0.9477958638974735,0.519137369904174,1.0,0.946345631383661,-0.7163759000158282,0.2545547005350966,0.5009463832553316,0.9100718130892398,0.712639561303141,0.8786508057333432,0.9540491532359386,-0.9558975287053418
closeness_d,0.942327271224672,0.47850772836059785,0.946345631383661,1.0,-0.6270565879479897,0.268502424951565,0.49157266966161905,0.893016147212154,0.7614217088495403,0.942128965471529,0.9340108606203988,-0.8983059924866607
redundancy,-0.608896971544693,-0.38682851387113515,-0.7163759000158281,-0.6270565879479897,1.0,-0.3347265158226469,-0.27743556024467897,-0.6032355202583951,-0.3951437422001585,-0.5469783096088708,-0.6177921049159559,0.694454660623343
bridge,0.08272437223990431,-0.14980858889601548,0.2545547005350966,0.268502424951565,-0.3347265158226469,1.0,0.023222338453506398,0.03715250341013729,-0.026876549934137448,0.1627685792922976,0.0739031300668962,-0.42435833333620915
participation,0.5698932362248212,0.2519434522100284,0.5009463832553316,0.49157266966161905,-0.27743556024467897,0.023222338453506387,1.0,0.5432303645990735,0.45390469497236147,0.5583928004149484,0.5646012527064461,-0.46280562156176114
within_module_z,0.9539040931341306,0.5443582572252166,0.9100718130892398,0.893016147212154,-0.603235520258395,0.03715250341013729,0.5432303645990735,1.0,0.7502235497395753,0.8901478785472101,0.9548939369938318,-0.8356181955034585
kcore,0.7962853649160437,0.4090424936779807,0.712639561303141,0.7614217088495404,-0.3951437422001585,-0.026876549934137444,0.45390469497236147,0.7502235497395753,1.0,0.8316905333623767,0.7728502387878706,-0.6517885560471596
eigenvector,0.9485951821435351,0.4706302577758234,0.8786508057333432,0.942128965471529,-0.5469783096088708,0.1627685792922976,0.5583928004149484,0.8901478785472101,0.8316905333623767,1.0,0.9276531293096024,-0.8179646851640968
pagerank,0.9973988067604875,0.5480502573996072,0.9540491532359386,0.9340108606203988,-0.6177921049159559,0.0739031300668962,0.5646012527064461,0.9548939369938318,0.7728502387878705,0.9276531293096024,1.0,-0.8871621600580498
clustering,-0.8809266308387895,-0.4351140299590817,-0.9558975287053418,-0.8983059924866607,0.694454660623343,-0.42435833333620915,-0.46280562156176114,-0.8356181955034586,-0.6517885560471596,-0.8179646851640967,-0.8871621600580498,1.0
