set,category_col,category,n_top,n_total,observed_share,expected_share,enrichment_pp,perm_p_two_sided,ci95_null_stat,q_bh
top10_CIS,major_structure,Brainstem,0,12,0.0,0.02631578947368421,-0.02631578947368421,0.38946105389461055,"[-0.02631578947368421, 0.04035087719298246]",0.38946105389461055
top10_CIS,major_structure,CORTEX,20,400,0.4444444444444444,0.8771929824561403,-0.4327485380116959,9.999000099990002e-05,"[-0.09941520467836251, 0.0783625730994153]",0.0001666500016665
top10_CIS,major_structure,Cerebellum,3,10,0.06666666666666667,0.021929824561403508,0.04473684210526316,0.06999300069993,"[-0.021929824561403508, 0.04473684210526316]",0.0874912508749125
top10_CIS,major_structure,Subcortex,10,20,0.2222222222222222,0.043859649122807015,0.1783625730994152,9.999000099990002e-05,"[-0.043859649122807015, 0.06725146198830409]",0.0001666500016665
top10_CIS,major_structure,Thalamus,12,14,0.26666666666666666,0.03070175438596491,0.23596491228070177,9.999000099990002e-05,"[-0.03070175438596491, 0.05818713450292398]",0.0001666500016665
top10_CIS,hemisphere,BILATERAL_MIDLINE,3,10,0.06666666666666667,0.021929824561403508,0.04473684210526316,0.06939306069393061,"[-0.021929824561403508, 0.04473684210526316]",0.20817918208179184
top10_CIS,hemisphere,L,21,223,0.4666666666666667,0.48903508771929827,-0.022368421052631593,0.7551244875512448,"[-0.1334795321637427, 0.13318713450292397]",0.7579242075792422
top10_CIS,hemisphere,R,21,223,0.4666666666666667,0.48903508771929827,-0.022368421052631593,0.7579242075792421,"[-0.1334795321637427, 0.13318713450292397]",0.7579242075792422
top10_CIS,functional_network,cerebellar,3,10,0.06666666666666667,0.021929824561403508,0.04473684210526316,0.0664933506649335,"[-0.021929824561403508, 0.04473684210526316]",0.14308569143085692
top10_CIS,functional_network,default mode,4,91,0.08888888888888889,0.19956140350877194,-0.11067251461988305,0.07949205079492051,"[-0.11067251461988305, 0.11154970760233918]",0.14308569143085692
top10_CIS,functional_network,dorsal attention,3,46,0.06666666666666667,0.10087719298245613,-0.03421052631578947,0.46325367463253675,"[-0.07865497076023391, 0.09912280701754388]",0.4632536746325367
top10_CIS,functional_network,frontoparietal control,3,52,0.06666666666666667,0.11403508771929824,-0.047368421052631574,0.3401659834016598,"[-0.06959064327485379, 0.08596491228070177]",0.398997600239976
top10_CIS,functional_network,limbic,1,26,0.022222222222222223,0.05701754385964912,-0.03479532163742689,0.35466453354664534,"[-0.05701754385964912, 0.07631578947368421]",0.398997600239976
top10_CIS,functional_network,somatomotor,1,77,0.022222222222222223,0.16885964912280702,-0.1466374269005848,0.004999500049995001,"[-0.10219298245614035, 0.09780701754385965]",0.022497750224977502
top10_CIS,functional_network,subcortical,22,46,0.4888888888888889,0.10087719298245613,0.38801169590643275,9.999000099990002e-05,"[-0.07865497076023391, 0.07690058479532165]",0.0008999100089991002
top10_CIS,functional_network,ventral attention/salience,7,47,0.15555555555555556,0.10307017543859649,0.052485380116959066,0.29557044295570445,"[-0.08084795321637427, 0.09692982456140352]",0.398997600239976
top10_CIS,functional_network,visual,1,61,0.022222222222222223,0.1337719298245614,-0.11154970760233918,0.0193980601939806,"[-0.08932748538011695, 0.11067251461988303]",0.058194180581941805
top10_CIS,cortical_status,CEREBELLUM,3,10,0.06666666666666667,0.021929824561403508,0.04473684210526316,0.06629337066293371,"[-0.021929824561403508, 0.04473684210526316]",0.06629337066293371
top10_CIS,cortical_status,CORTICAL,20,400,0.4444444444444444,0.8771929824561403,-0.4327485380116959,9.999000099990002e-05,"[-0.09941520467836251, 0.0783625730994153]",0.00014998500149985002
top10_CIS,cortical_status,SUBCORTICAL,22,46,0.4888888888888889,0.10087719298245613,0.38801169590643275,9.999000099990002e-05,"[-0.07865497076023391, 0.09912280701754388]",0.00014998500149985002
top10_residual,major_structure,Brainstem,9,12,0.2,0.02631578947368421,0.1736842105263158,9.999000099990002e-05,"[-0.02631578947368421, 0.04035087719298246]",0.0001666500016665
top10_residual,major_structure,CORTEX,21,400,0.4666666666666667,0.8771929824561403,-0.41052631578947363,9.999000099990002e-05,"[-0.09941520467836251, 0.0783625730994153]",0.0001666500016665
top10_residual,major_structure,Cerebellum,8,10,0.17777777777777778,0.021929824561403508,0.1558479532163743,9.999000099990002e-05,"[-0.021929824561403508, 0.04473684210526316]",0.0001666500016665
top10_residual,major_structure,Subcortex,7,20,0.15555555555555556,0.043859649122807015,0.11169590643274854,0.0021997800219978004,"[-0.043859649122807015, 0.06725146198830409]",0.0027497250274972507
top10_residual,major_structure,Thalamus,0,14,0.0,0.03070175438596491,-0.03070175438596491,0.3762623737626237,"[-0.03070175438596491, 0.05818713450292398]",0.3762623737626237
top10_residual,hemisphere,BILATERAL_MIDLINE,8,10,0.17777777777777778,0.021929824561403508,0.1558479532163743,9.999000099990002e-05,"[-0.021929824561403508, 0.04473684210526316]",0.00029997000299970003
top10_residual,hemisphere,L,19,223,0.4222222222222222,0.48903508771929827,-0.06681286549707605,0.35066493350664935,"[-0.1334795321637427, 0.13318713450292397]",0.35066493350664935
top10_residual,hemisphere,R,18,223,0.4,0.48903508771929827,-0.08903508771929824,0.21177882211778823,"[-0.1334795321637427, 0.13318713450292397]",0.31766823317668236
top10_residual,functional_network,cerebellar,8,10,0.17777777777777778,0.021929824561403508,0.1558479532163743,9.999000099990002e-05,"[-0.021929824561403508, 0.04473684210526316]",0.0004499550044995501
top10_residual,functional_network,default mode,5,91,0.1111111111111111,0.19956140350877194,-0.08845029239766083,0.1680831916808319,"[-0.11067251461988305, 0.11154970760233918]",0.21610696073249816
top10_residual,functional_network,dorsal attention,2,46,0.044444444444444446,0.10087719298245613,-0.05643274853801169,0.20757924207579243,"[-0.07865497076023391, 0.09912280701754388]",0.23352664733526649
top10_residual,functional_network,frontoparietal control,0,52,0.0,0.11403508771929824,-0.11403508771929824,0.0100989901009899,"[-0.06959064327485379, 0.08596491228070177]",0.01817818218178182
top10_residual,functional_network,limbic,8,26,0.17777777777777778,0.05701754385964912,0.12076023391812866,0.0017998200179982,"[-0.05701754385964912, 0.07631578947368421]",0.0053994600539946
top10_residual,functional_network,somatomotor,3,77,0.06666666666666667,0.16885964912280702,-0.10219298245614035,0.060693930606939304,"[-0.10219298245614035, 0.12002923976608185]",0.09104089591040897
top10_residual,functional_network,subcortical,16,46,0.35555555555555557,0.10087719298245613,0.25467836257309945,9.999000099990002e-05,"[-0.07865497076023391, 0.09912280701754388]",0.0004499550044995501
top10_residual,functional_network,ventral attention/salience,3,47,0.06666666666666667,0.10307017543859649,-0.03640350877192983,0.45645435456454353,"[-0.08084795321637427, 0.09692982456140352]",0.4564543545645436
top10_residual,functional_network,visual,0,61,0.0,0.1337719298245614,-0.1337719298245614,0.0047995200479952005,"[-0.08932748538011695, 0.0884502923976608]",0.010798920107989201
top10_residual,cortical_status,CEREBELLUM,8,10,0.17777777777777778,0.021929824561403508,0.1558479532163743,9.999000099990002e-05,"[-0.021929824561403508, 0.04473684210526316]",9.999000099990002e-05
top10_residual,cortical_status,CORTICAL,21,400,0.4666666666666667,0.8771929824561403,-0.41052631578947363,9.999000099990002e-05,"[-0.09941520467836251, 0.0783625730994153]",9.999000099990002e-05
top10_residual,cortical_status,SUBCORTICAL,16,46,0.35555555555555557,0.10087719298245613,0.25467836257309945,9.999000099990002e-05,"[-0.07865497076023391, 0.07690058479532165]",9.999000099990002e-05
