property,human,fly,interpretation
Unit of analysis,"456-node atlas PARCEL (4S456; macroscopic region, NOT a neuron)","individual NEURON (FAFB v783, 139k neurons; targets 3,518)",Cross-scale comparison is architectural only; scales differ by ~5 orders of magnitude in unit size.
CIS-degree dependence,"median rho(CIS, degree) = 0.943 (Paper 1, frozen)",strong (fly Paper 1: CIS dominated by degree; visual fraction 80%),Both scales: raw CIS is degree-confounded; explicit control is mandatory before interpretation.
Degree-independent residual (matched/control design),"delta = 0.104; 801/801 subjects > 0; CI [0.1007, 0.1073]",delta = 0.100; 778/801 sign-positive (fly Paper 1 E03b),A small positive degree-independent CIS residual exists at BOTH scales.
"Residual reproducibility (this paper, same pairs)","rho(delta_ours, delta_paper1) = 0.785; median 0.1040",not re-run (frozen v1.0.0 artifacts consumed read-only),Human side re-derived independently; fly side preserved as released.
Degree-preserving null VERDICT on the residual mechanism,"Stage 15: feature-R associations DO NOT exceed degree-preserving null p95 (Outcome C, all 9 features)","z = 1.21, p = 0.109 - DID NOT survive (fly v1.0.0, frozen)",At NEITHER scale does the residual mechanism survive a degree-preserving null. Same-direction negatives; no universal-law claim.
Network-position signature of high-residual nodes,bridge rho = +0.4985; closeness_d +0.2489; redundancy -0.2179 (within-subject medians),ME.131 case: betweenness z = +4.08 vs degree-matched peers; case study ONLY,Human: population-level associations (null-qualified). Fly: single pre-registered case; NOT a population claim.
Predictive learnability of the residual,ridge cv-R2 = 0.574 (permuted-R control 0.0024; degree-only ~ 0),NOT_ESTABLISHED (no equivalent benchmark in fly release),Learnable structure beyond degree exists in human; fly equivalent absent - do not equate.
Anatomical concentration of extremes,"top-10% CIS UNDER-represents cortex (share 0.44 vs expected 0.88, q<0.001); enrichment NOT_ESTABLISHED for cell type (parcels are not cell types)",ME.131 = optic lobe (visual); fly visual contribution ~ 80%,Human extremes avoid cortex; fly concentrated in visual system. Anatomies differ.
Visual-system contribution to CIS,"~2% (human, frozen Paper 1)","~80% (fly, frozen Paper 1)","Architecture does NOT transfer at the anatomical level ('architecture replicates, anatomy doesn't')."
Cell-type / neurotransmitter annotation,NOT_AVAILABLE (macroscopic parcels carry no cell-type ground truth),"available per neuron (FAFB annotations: nt_type, super_class)",Resolution asymmetry is structural; human cell-type claims are NOT_ESTABLISHED in this study.
Robustness of associations,estimator ladder + winsorization: sign-consistent for bridge/participation (Stage 20),fly study internal robustness only (v1.0.0),Human feature associations are estimator-robust in sign; magnitudes differ across estimators.
Causal interpretation,NONE licensed (observational structural connectomes),NONE licensed (observational connectome),"Both studies are observational; removal-CIS is a network quantity, not a perturbation experiment."
