subject,n_pairs,delta_ours,median_R_pairs,cliffs_delta
0001,46,0.0940453686200378,-0.0001194112056059905,0.13185255198487714
0003,46,0.1498109640831758,3.746351285824557e-05,0.11153119092627599
0004,46,0.06568998109640832,-7.978057998438615e-05,0.06427221172022685
0005,46,0.11909262759924386,-1.5309123892602746e-05,0.14603024574669188
0006,46,0.09829867674858223,-5.33367806330265e-05,0.09357277882797732
0007,46,0.058128544423440454,-2.2865355410930943e-05,0.07750472589792061
0008,46,0.07797731568998109,-5.510823920006232e-05,0.09026465028355388
0009,46,0.03969754253308128,3.2044566570531654e-05,0.06427221172022685
0010,46,0.10727788279773157,4.1648246263445215e-05,0.11483931947069943
0011,46,0.11956521739130435,9.317072138738782e-05,0.12381852551984877
0012,46,0.0940453686200378,0.00012959824033093804,0.10255198487712665
0013,46,0.1266540642722117,-2.825094705248511e-05,0.15311909262759923
0014,46,0.13137996219281664,6.77519089970268e-05,0.1224007561436673
0015,46,0.1224007561436673,-6.816495164852545e-05,0.12429111531190926
0016,46,0.08412098298676748,-4.695490101927881e-07,0.07986767485822306
0018,46,0.1880907372400756,1.8837338703057472e-05,0.16918714555765596
0019,46,0.015595463137996219,-2.1020977063310317e-05,0.008979206049149339
0021,46,0.12051039697542533,2.9304425971303874e-06,0.05718336483931947
0022,46,0.12098298676748583,6.250795600440677e-05,0.0831758034026465
0023,46,0.08695652173913043,1.4043743330579043e-05,0.10396975425330812
0024,46,0.2585066162570889,2.473970747932005e-05,0.22306238185255198
0026,46,0.1895085066162571,0.00010331630191305873,0.1767485822306238
0027,46,0.1446124763705104,7.173542271801539e-07,0.18005671077504726
0028,46,0.10491493383742911,2.7705151457513137e-05,0.11814744801512288
0029,46,0.12145557655954631,1.731760464363923e-05,0.09735349716446125
0030,46,0.08412098298676748,-1.1887143442113523e-05,0.11389413988657845
0031,46,0.14083175803402648,-4.029304831888844e-05,0.12948960302457466
0032,46,0.07277882797731569,3.091906869121745e-05,0.05387523629489603
0033,46,0.09073724007561437,1.548036761157682e-07,0.09924385633270322
0034,46,0.08270321361058601,3.646048606677731e-05,0.10255198487712665
0036,46,0.08601134215500945,2.4655501980163546e-05,0.06994328922495274
0037,46,0.17911153119092627,-2.55332451944097e-05,0.1843100189035917
0038,46,0.13752362948960303,6.563788014306727e-05,0.07750472589792061
0039,46,0.1053875236294896,8.263653668532766e-06,0.08553875236294896
0040,46,0.14366729678638943,5.89820678949882e-05,0.10302457466918714
0041,46,0.13090737240075614,3.371622223438279e-05,0.08081285444234404
0042,46,0.2637051039697543,0.0002170214226738392,0.28166351606805295
0043,46,0.1611531190926276,4.057289641464613e-05,0.0949905482041588
0044,46,0.0945179584120983,-1.4327775514035978e-05,0.08506616257088846
0045,46,0.1502835538752363,0.00010394611841399004,0.139413988657845
0046,46,0.0945179584120983,-8.133795857966401e-05,0.06852551984877127
0047,46,0.05056710775047259,-5.41150443697154e-05,0.05056710775047259
0048,46,0.12996219281663515,-4.8670212405964406e-05,0.11578449905482041
0049,46,0.12523629489603025,1.0780432151797422e-05,0.09735349716446125
0050,46,0.16209829867674858,3.3927844765632936e-05,0.16871455576559546
0051,46,0.10822306238185256,-5.321114269068425e-05,0.09026465028355388
0052,46,0.06852551984877127,7.168883975130894e-05,0.12618147448015124
0053,46,0.12003780718336483,-7.31227694873102e-05,0.10491493383742911
0054,46,0.17580340264650285,-6.494819010666706e-05,0.1441398865784499
0055,46,0.14130434782608695,-2.333650656368894e-05,0.0949905482041588
0056,46,0.11247637051039698,-0.00011493810306526924,0.11389413988657845
0057,46,0.1271266540642722,-5.7322880043235826e-05,0.1323251417769376
0058,46,0.06568998109640832,3.2696443540497e-05,0.08459357277882798
0059,46,0.1110586011342155,2.4049788606503016e-05,0.13468809073724008
0061,46,0.07844990548204159,7.035992832086265e-05,0.0997164461247637
0062,46,0.09829867674858223,4.239402269265116e-05,0.054820415879017016
0063,46,0.1999054820415879,8.269948812783735e-05,0.1786389413988658
0064,46,0.11389413988657845,7.563653419772335e-05,0.09924385633270322
0065,46,0.1053875236294896,-4.782678827368065e-05,0.08790170132325142
0066,46,0.08506616257088846,-1.6240018756422082e-05,0.04064272211720227
0067,46,0.12996219281663515,6.705197250718903e-05,0.16257088846880907
0068,46,0.054820415879017016,4.764747361921226e-05,0.02551984877126654
0069,46,0.11153119092627599,7.315721508006651e-05,0.1323251417769376
0070,46,0.15784499054820417,6.564348720558793e-05,0.1219281663516068
0072,46,0.03449905482041588,3.3498699131889016e-05,0.031190926275992438
0073,46,0.052930056710775046,-6.761624591776575e-05,0.08648393194706994
0075,46,0.2003780718336484,3.7114699921506425e-05,0.1828922495274102
0076,46,0.09688090737240075,2.9496370553331458e-05,0.0997164461247637
0077,46,0.1327977315689981,5.994771688402743e-05,0.18620037807183365
0078,46,0.11294896030245746,-1.4275741028128841e-05,0.14933837429111532
0079,46,0.25,5.6363443912838755e-05,0.15264650283553874
0080,46,0.15075614366729678,2.75562076211376e-05,0.166351606805293
0081,46,0.0723062381852552,-7.035222359014806e-05,0.06947069943289225
0082,46,0.13610586011342155,-1.7960063919002114e-05,0.1053875236294896
0083,46,0.14839319470699433,8.318934554489872e-05,0.15642722117202268
0084,46,0.24007561436672967,6.843514306913119e-05,0.2391304347826087
0085,46,0.15737240075614367,-1.195553361177631e-06,0.12429111531190926
0086,46,0.14886578449905483,0.00011133481124649694,0.12051039697542533
0087,46,0.1290170132325142,-8.101977561114138e-06,0.13752362948960303
0088,46,0.08601134215500945,4.775698583495624e-05,0.07750472589792061
0089,46,0.07088846880907372,3.6434174312462695e-05,0.043478260869565216
0090,46,0.12381852551984877,-1.0292768092465244e-06,0.138468809073724
0091,46,0.1337429111531191,5.466354426796147e-05,0.12570888468809074
0092,46,0.023629489603024575,-0.0001177715766813572,0.036389413988657845
0093,46,0.054820415879017016,2.0447875835713134e-05,0.10869565217391304
0095,46,0.16304347826086957,-7.343665732606616e-06,0.13468809073724008
0096,46,0.09120982986767485,1.3037166781690974e-05,0.06805293005671077
0097,46,0.07703213610586011,-2.250806066085608e-05,0.09262759924385633
0098,46,0.04111531190926276,-4.947378415525865e-05,0.05151228733459357
0099,46,0.17060491493383742,6.061870162192025e-05,0.19801512287334594
0101,46,0.08175803402646503,-5.3786920327597066e-05,0.034026465028355386
0103,46,0.08979206049149338,8.694797473929794e-05,0.08128544423440454
0104,46,0.1053875236294896,2.3581577186235442e-05,0.1053875236294896
0105,46,0.1285444234404537,-4.034313460712664e-06,0.11720226843100189
0106,46,0.14083175803402648,-8.416654423267547e-05,0.15406427221172023
0107,46,0.14933837429111532,-1.5300409410534167e-05,0.1266540642722117
0108,46,0.10255198487712665,-4.4153144015943006e-05,0.12996219281663515
0109,46,0.05623818525519849,8.052741264460658e-06,0.055293005671077505
0110,46,0.06852551984877127,3.5487886396099485e-05,0.08270321361058601
0111,46,0.06285444234404537,-3.9706988768098135e-05,0.05340264650283554
0113,46,0.16493383742911152,1.4298052979007782e-05,0.11247637051039698
0114,46,0.07372400756143667,-4.5371180499189105e-05,0.06899810964083176
0115,46,0.11058601134215501,-1.3385172314604786e-05,0.09593572778827977
0116,46,0.23629489603024575,0.00017439898087732623,0.29678638941398866
0117,46,0.11767485822306238,-4.183436648487438e-06,0.0997164461247637
0118,46,0.22069943289224953,0.00015560024680957027,0.2433837429111531
0119,46,0.05954631379962193,3.1854697145276075e-05,0.09357277882797732
0120,46,0.10207939508506617,-4.926816783491474e-05,0.08412098298676748
0121,46,0.07939508506616257,4.497264663297937e-05,0.07325141776937619
0122,46,0.14035916824196598,-3.514124054794824e-05,0.15311909262759923
0123,46,0.138468809073724,1.1014565605070754e-05,0.0893194706994329
0124,46,0.11862003780718336,2.4121170034062888e-05,0.10822306238185256
0125,46,0.22069943289224953,1.3010337779284726e-05,0.1498109640831758
0126,46,0.10633270321361059,8.76752942280157e-06,0.0997164461247637
0127,46,0.07514177693761814,-4.127913918362136e-05,0.10066162570888469
0128,46,0.06521739130434782,-2.953863524354989e-05,0.0945179584120983
0129,46,0.14083175803402648,-1.9332093286478637e-05,0.1266540642722117
0136,46,0.15264650283553874,1.1830886990901734e-05,0.18620037807183365
0139,46,0.06994328922495274,-8.722009955460875e-05,0.0666351606805293
0140,46,0.09120982986767485,-2.766640860955849e-05,0.08459357277882798
0141,46,0.038752362948960305,-6.207563108406454e-05,0.055293005671077505
0142,46,0.12287334593572778,-1.4780388946618122e-06,0.08790170132325142
0143,46,0.09735349716446125,1.202497671671485e-05,0.13043478260869565
0144,46,0.12996219281663515,2.47698701710935e-05,0.09877126654064272
0145,46,0.13610586011342155,6.280156832601713e-05,0.09073724007561437
0146,46,0.09829867674858223,1.515606846475676e-05,0.07419659735349717
0147,46,0.055765595463137994,-2.9773031849682967e-05,0.07277882797731569
0149,46,0.09168241965973535,-9.910552660113064e-05,0.09168241965973535
0150,46,0.10916824196597354,8.514893335118248e-05,0.1498109640831758
0151,46,0.07325141776937619,3.751151183021314e-06,0.08553875236294896
0152,46,0.14697542533081284,6.366908132863396e-06,0.16446124763705103
0153,46,0.08648393194706994,0.00012410403601120817,0.09735349716446125
0154,46,0.2627599243856333,5.48078216961698e-05,0.16020793950850662
0155,46,0.0671077504725898,-2.1788457932728645e-05,0.07088846880907372
0156,46,0.13137996219281664,4.0199560479597235e-05,0.11578449905482041
0157,46,0.08128544423440454,-2.409654180877453e-05,0.10633270321361059
0159,46,0.06899810964083176,9.820950009476221e-05,0.062381852551984876
0160,46,0.14319470699432893,5.4792620364106886e-05,0.15926275992438563
0161,46,0.10113421550094517,-1.6067681621758907e-05,0.09924385633270322
0163,46,0.10822306238185256,7.048730416158041e-05,0.13185255198487714
0164,46,0.07277882797731569,-6.002374388462857e-05,0.08412098298676748
0165,46,0.10349716446124764,3.537560212843715e-05,0.10255198487712665
0167,46,0.04725897920604915,1.817841653991458e-05,0.06805293005671077
0168,46,0.057655954631379965,-0.00010581296063353132,0.07372400756143667
0169,46,0.05907372400756144,9.035440419603088e-06,0.07892249527410208
0170,46,0.10869565217391304,-2.612772151233851e-05,0.10349716446124764
0173,46,0.07561436672967864,-5.0667620848603276e-05,0.09829867674858223
0174,46,0.10727788279773157,9.920344991744414e-05,0.0883742911153119
0176,46,0.1323251417769376,-5.971285278647345e-06,0.18005671077504726
0177,46,0.21502835538752363,-9.166448331175692e-06,0.1833648393194707
0178,46,0.055765595463137994,-6.028978106958969e-06,0.07655954631379962
0179,46,0.16918714555765596,5.556275672992302e-05,0.1668241965973535
0180,46,0.1323251417769376,3.690676436314896e-05,0.11011342155009451
0181,46,0.12996219281663515,-9.755611525898167e-05,0.11483931947069943
0182,46,0.07183364839319471,-4.2816846325395986e-05,0.054820415879017016
0183,46,0.09546313799621928,0.00010066035895710116,0.12003780718336483
0184,46,0.1446124763705104,0.00010085220539996794,0.14272211720226843
0185,46,0.21928166351606806,3.892133478232418e-05,0.18100189035916825
0186,46,0.0940453686200378,-3.416654902425496e-05,0.09688090737240075
0188,46,0.11909262759924386,-9.187104704442238e-05,0.1275992438563327
0191,46,0.08506616257088846,3.415212547608706e-05,0.11578449905482041
0192,46,0.1767485822306238,-2.9094335208887194e-05,0.09829867674858223
0193,46,0.15737240075614367,2.8503725483485496e-06,0.1275992438563327
0194,46,0.12523629489603025,2.5243746466041095e-06,0.1285444234404537
0195,46,0.12476370510396975,1.5213426167900697e-05,0.1446124763705104
0196,46,0.06805293005671077,-2.8164744931878454e-05,0.11342155009451796
0197,46,0.11294896030245746,3.802175903764443e-05,0.11531190926275993
0198,46,0.08695652173913043,6.007338624658892e-05,0.12287334593572778
0199,46,0.14319470699432893,-2.027897102758981e-05,0.11720226843100189
0200,46,0.13752362948960303,-8.212667085333867e-05,0.12476370510396975
0201,46,0.08790170132325142,6.200154415802377e-05,0.09073724007561437
0202,46,0.09168241965973535,-2.5186248249708292e-05,0.1053875236294896
0203,46,0.1441398865784499,-4.0097818473521006e-05,0.14744801512287334
0204,46,0.0609640831758034,0.00010209255716201647,0.062381852551984876
0205,46,0.15737240075614367,-7.965982469898059e-05,0.1290170132325142
0206,46,0.03733459357277883,-6.849384082122231e-05,0.03544423440453686
0207,46,0.0949905482041588,-1.5409301522648837e-05,0.09640831758034027
0208,46,0.13468809073724008,-0.00013988912781940515,0.09593572778827977
0209,46,0.13752362948960303,6.558913152261909e-05,0.13988657844990549
0210,46,0.13563327032136105,7.520671722645143e-05,0.08034026465028356
0211,46,0.14555765595463138,3.95811834460863e-05,0.1290170132325142
0213,46,0.052930056710775046,8.770921339019429e-05,0.06427221172022685
0214,46,0.1819470699432892,5.819591820162024e-05,0.14555765595463138
0215,46,0.04962192816635161,2.5853640683320793e-05,0.07325141776937619
0216,46,0.07844990548204159,-1.0359889274686482e-05,0.11625708884688091
0217,46,0.1337429111531191,7.156966454299448e-05,0.0949905482041588
0218,46,0.09546313799621928,9.762657801221818e-05,0.062381852551984876
0219,46,0.05198487712665406,-2.4411195886635208e-05,0.0671077504725898
0220,46,0.1498109640831758,4.0708765834123254e-05,0.11814744801512288
0221,46,0.16493383742911152,4.350699680988188e-05,0.16068052930056712
0222,46,0.21361058601134217,6.441465604408673e-05,0.1781663516068053
0223,46,0.13705103969754254,2.2058329211674073e-05,0.11436672967863894
0224,46,0.058128544423440454,-8.886472375173738e-05,0.0500945179584121
0225,46,0.0997164461247637,-7.609109874405712e-05,0.08553875236294896
0226,46,0.1389413988657845,-2.5609760977629765e-06,0.09310018903591682
0227,46,0.1285444234404537,-2.9813922833886355e-05,0.07419659735349717
0228,46,0.09877126654064272,6.879354353417897e-05,0.1110586011342155
0229,46,0.1110586011342155,2.6315402209119046e-05,0.12429111531190926
0230,46,0.14933837429111532,-1.137925939534006e-05,0.11294896030245746
0232,46,0.10727788279773157,-5.709672966239357e-05,0.08506616257088846
0233,46,0.08128544423440454,-4.915371794180596e-06,0.06143667296786389
0234,46,0.09073724007561437,6.404722804758431e-05,0.08553875236294896
0235,46,0.11294896030245746,-6.327617829823362e-06,0.0940453686200378
0236,46,0.1389413988657845,-3.044370785240414e-05,0.12618147448015124
0237,46,0.07325141776937619,-7.532012022751482e-07,0.06758034026465029
0238,46,0.048204158790170135,-2.5274904948709924e-05,0.06049149338374291
0239,46,0.11294896030245746,4.798417541885451e-05,0.07939508506616257
0240,46,0.08364839319470699,-3.787275980930531e-05,0.08128544423440454
0241,46,0.13090737240075614,-2.3855664804686488e-05,0.17485822306238186
0242,46,0.17911153119092627,7.379116708678736e-05,0.1337429111531191
0243,46,0.11767485822306238,-3.484563274385344e-05,0.10113421550094517
0244,46,0.04111531190926276,1.3153377565263574e-06,0.05434782608695652
0245,46,0.12570888468809074,-4.7275321117565315e-05,0.12948960302457466
0246,46,0.10113421550094517,6.9199729096916995e-06,0.15595463137996218
0247,46,0.10680529300567108,-1.6234406984821448e-05,0.08648393194706994
0248,46,0.10066162570888469,5.899990704303905e-05,0.11578449905482041
0252,46,0.048676748582230624,-8.543500194489024e-05,0.06758034026465029
0253,46,0.11720226843100189,2.6675110919380652e-05,0.11389413988657845
0254,46,0.20415879017013233,2.2653284283669496e-05,0.22069943289224953
0255,46,0.13657844990548204,-8.44845308517668e-05,0.13752362948960303
0256,46,0.06899810964083176,2.8193041456156032e-05,0.08506616257088846
0257,46,0.05954631379962193,-4.7705325738898194e-05,0.07466918714555766
0258,46,0.06899810964083176,-4.572862033552826e-05,0.09546313799621928
0259,46,0.0893194706994329,-2.9760605640176993e-05,0.09829867674858223
0260,46,0.14603024574669188,5.672754631428224e-06,0.09026465028355388
0261,46,0.08695652173913043,1.878188436541038e-05,0.07561436672967864
0262,46,0.12618147448015124,3.632900793285016e-05,0.17580340264650285
0263,46,0.1843100189035917,2.556647104797388e-05,0.15122873345935728
0264,46,0.03449905482041588,-1.6120593276766474e-05,0.048676748582230624
0265,46,0.10633270321361059,2.879238759788817e-05,0.05245746691871456
0266,46,0.16587901701323252,1.7046953500818773e-05,0.11625708884688091
0267,46,0.08034026465028356,3.167055002290014e-05,0.11011342155009451
0268,46,0.1053875236294896,3.5736764697180006e-05,0.11247637051039698
0269,46,0.06049149338374291,-9.65217432351837e-06,0.08695652173913043
0270,46,0.09073724007561437,-4.664160516884954e-05,0.08412098298676748
0271,46,0.10066162570888469,6.518015366830673e-05,0.13657844990548204
0272,46,0.22589792060491493,6.0515129464741525e-05,0.1280718336483932
0273,46,0.08364839319470699,1.9055160428946115e-05,0.05907372400756144
0274,46,0.09357277882797732,5.053362981440404e-05,0.08506616257088846
0275,46,0.14886578449905483,-2.789181855894203e-05,0.12523629489603025
0276,46,0.1337429111531191,-2.3818193843746984e-05,0.07703213610586011
0278,46,0.09262759924385633,-3.957297293024817e-05,0.10586011342155009
0279,46,0.09546313799621928,-5.2866115025580307e-05,0.09640831758034027
0280,46,0.1772211720226843,-5.033327530653306e-06,0.1502835538752363
0281,46,0.07419659735349717,4.936468260728177e-05,0.0671077504725898
0282,46,0.12996219281663515,8.877835240728041e-05,0.09310018903591682
0283,46,0.11294896030245746,5.0520394518160624e-05,0.12051039697542533
0284,46,0.07041587901701324,-2.141830129452258e-06,0.10775047258979206
0285,46,0.02599243856332703,7.981496308518348e-05,0.028827977315689982
0286,46,0.09073724007561437,-5.0861045382657294e-05,0.05387523629489603
0287,46,0.06285444234404537,-5.1588973728742854e-05,0.07608695652173914
0288,46,0.04489603024574669,5.842793079486946e-05,0.022684310018903593
0289,46,0.07041587901701324,6.170461529121527e-05,0.09310018903591682
0290,46,0.08553875236294896,-3.673562587364141e-05,0.10822306238185256
0291,46,0.12618147448015124,7.83237344319985e-05,0.09357277882797732
0292,46,0.19801512287334594,7.183054019565036e-05,0.15170132325141777
0293,46,0.08412098298676748,7.674172339399565e-05,0.13610586011342155
0294,46,0.10775047258979206,4.360728879363623e-06,0.1219281663516068
0295,46,0.10491493383742911,-5.772993060379635e-05,0.12003780718336483
0296,46,0.03166351606805293,4.751949330982256e-06,0.024102079395085067
0297,46,0.16209829867674858,3.4859333435880834e-05,0.1280718336483932
0298,46,0.09357277882797732,-3.060214643640902e-05,0.12523629489603025
0299,46,0.0940453686200378,-3.5082318405203544e-06,0.09026465028355388
0300,46,0.14886578449905483,6.7885396992313e-06,0.16351606805293006
0301,46,0.10113421550094517,1.1098730133718318e-06,0.09546313799621928
0302,46,0.10869565217391304,2.4698605416538272e-05,0.10066162570888469
0303,46,0.0661625708884688,-2.4650236872896924e-05,0.0831758034026465
0304,46,0.0945179584120983,8.434291541152956e-05,0.07514177693761814
0306,46,0.10916824196597354,9.205837411263064e-05,0.09168241965973535
0307,46,0.11294896030245746,8.523791632240093e-05,0.0940453686200378
0308,46,0.0335538752362949,5.560929228200088e-05,0.0165406427221172
0310,46,0.10113421550094517,0.0001047488146916317,0.10302457466918714
0311,46,0.17013232514177692,-1.8403910175967425e-05,0.15170132325141777
0312,46,0.11531190926275993,0.00010187341090200409,0.13705103969754254
0313,46,0.15453686200378072,-4.7648025657342314e-06,0.12145557655954631
0314,46,0.09688090737240075,1.362599421286673e-06,0.10775047258979206
0316,46,0.05198487712665406,1.7008244287168833e-05,0.0330812854442344
0319,46,0.19896030245746693,5.7260654383132754e-05,0.1715500945179584
0321,46,0.0666351606805293,-5.385505862262526e-05,0.09688090737240075
0322,46,0.04725897920604915,-3.440666755148605e-05,0.07986767485822306
0323,46,0.14650283553875237,-4.517585992905911e-05,0.14933837429111532
0325,46,0.16209829867674858,5.669228961317232e-05,0.14792060491493383
0326,46,0.12145557655954631,5.43132994006937e-05,0.10160680529300567
0327,46,0.12429111531190926,0.00014402135078303303,0.1327977315689981
0328,46,0.06758034026465029,2.4992527971756044e-05,0.08742911153119093
0329,46,0.05954631379962193,-4.906389130820228e-05,0.08270321361058601
0330,46,0.023156899810964082,1.6608193622973002e-05,0.05151228733459357
0331,46,0.10207939508506617,1.9843015776267953e-05,0.08742911153119093
0332,46,0.1446124763705104,-0.00011703447023922263,0.1285444234404537
0333,46,0.17911153119092627,3.89612735889164e-06,0.15831758034026466
0334,46,0.1219281663516068,1.974404813576147e-05,0.11909262759924386
0335,46,0.08128544423440454,-0.00010114966792810961,0.06049149338374291
0336,46,0.05103969754253308,-1.337454038809248e-05,0.07088846880907372
0337,46,0.06758034026465029,-4.5981041005447795e-06,0.027882797731568997
0338,46,0.13752362948960303,-1.7459248269871184e-06,0.13185255198487714
0339,46,0.18100189035916825,9.842034787460173e-05,0.138468809073724
0341,46,0.06143667296786389,-7.942122216765708e-05,0.06332703213610585
0342,46,0.1285444234404537,-2.1489643388056018e-05,0.11483931947069943
0343,46,0.09357277882797732,-1.0529374373461655e-05,0.07703213610586011
0344,46,0.08223062381852551,-1.6377026961683682e-06,0.0831758034026465
0345,46,0.17013232514177692,6.160310482177737e-06,0.16257088846880907
0346,46,0.06474480151228733,8.349731528099757e-06,0.09640831758034027
0347,46,0.15784499054820417,6.571169722475144e-06,0.11483931947069943
0348,46,0.09120982986767485,4.5029009726650724e-05,0.0666351606805293
0350,46,0.12145557655954631,-6.73430511794167e-05,0.0945179584120983
0351,46,0.1824196597353497,-4.262868753749093e-05,0.09120982986767485
0352,46,0.14366729678638943,-6.0293214538136876e-05,0.08790170132325142
0353,46,0.0500945179584121,-4.751794104949973e-05,0.06474480151228733
0354,46,0.09357277882797732,2.941179588194175e-05,0.07466918714555766
0355,46,0.06190926275992439,-8.31757226431697e-06,0.08601134215500945
0356,46,0.10160680529300567,-3.0181690541461795e-05,0.13610586011342155
0357,46,0.12287334593572778,-3.0320440442383433e-06,0.10396975425330812
0358,46,0.0893194706994329,4.1431647627607605e-05,0.0997164461247637
0359,46,0.19612476370510398,6.620444543328221e-05,0.11058601134215501
0360,46,0.13705103969754254,3.027500467458837e-05,0.10349716446124764
0361,46,0.09120982986767485,8.756471305054335e-05,0.08081285444234404
0362,46,0.09026465028355388,0.00010450421344531519,0.06805293005671077
0363,46,0.10255198487712665,-1.1866990329227178e-05,0.07939508506616257
0364,46,0.07986767485822306,1.5981392164092956e-05,0.08175803402646503
0365,46,0.06427221172022685,5.966937484761962e-05,0.07183364839319471
0366,46,0.12948960302457466,-8.265698020080905e-05,0.09735349716446125
0368,46,0.12523629489603025,4.422955975979891e-05,0.1275992438563327
0371,46,0.0883742911153119,7.924154230548261e-05,0.10727788279773157
0372,46,0.07986767485822306,5.506840144718238e-06,0.08742911153119093
0373,46,0.08790170132325142,3.2035760964110166e-05,0.08553875236294896
0374,46,0.01275992438563327,-0.00014923564991575403,0.05860113421550094
0375,46,0.14886578449905483,0.00013812206537938866,0.1824196597353497
0376,46,0.07466918714555766,-3.449844726090772e-05,0.06852551984877127
0377,46,0.10586011342155009,3.7967502735019004e-05,0.07041587901701324
0378,46,0.13043478260869565,-5.669846548604353e-05,0.10680529300567108
0379,46,0.12523629489603025,-1.4117444531434192e-05,0.14555765595463138
0380,46,0.08081285444234404,-2.681879699787884e-05,0.10207939508506617
0382,46,0.12948960302457466,-2.9298322328606815e-06,0.13610586011342155
0383,46,0.18572778827977315,0.00020778356561621227,0.17296786389413987
0384,46,0.06143667296786389,-7.823914184136875e-06,0.07703213610586011
0385,46,0.036862003780718335,-1.2866505638729883e-05,0.0831758034026465
0386,46,0.10396975425330812,4.484328252980915e-06,0.08695652173913043
0387,46,0.18052930056710775,4.520198939826506e-05,0.1110586011342155
0388,46,0.18572778827977315,4.317873134856065e-05,0.21502835538752363
0389,46,0.0997164461247637,3.229641405599529e-05,0.07892249527410208
0390,46,0.06852551984877127,-3.091783339132241e-05,0.12287334593572778
0392,46,0.10207939508506617,-7.717041179802482e-06,0.08553875236294896
0394,46,0.05198487712665406,7.94318772045838e-05,0.1053875236294896
0395,46,0.05387523629489603,7.482575491556706e-06,0.06190926275992439
0396,46,0.05340264650283554,1.3594657400149202e-05,0.04111531190926276
0397,46,0.12429111531190926,4.0267045598923535e-05,0.11578449905482041
0398,46,0.0940453686200378,-1.0177272177268727e-05,0.11814744801512288
0399,46,0.0666351606805293,-5.6228180474845156e-05,0.06427221172022685
0400,46,0.09168241965973535,-3.8053029978763636e-06,0.07466918714555766
0401,46,0.09215500945179585,4.7981162474247164e-05,0.07041587901701324
0402,46,0.16965973534971646,7.406931307337382e-05,0.1280718336483932
0403,46,0.11625708884688091,4.872352464600034e-05,0.10680529300567108
0404,46,0.036389413988657845,-5.178650718649951e-05,0.08175803402646503
0405,46,0.15406427221172023,1.1029903642567423e-05,0.1389413988657845
0406,46,0.07372400756143667,4.7881424385930096e-05,0.12429111531190926
0407,46,0.09310018903591682,9.052178688964024e-06,0.055765595463137994
0408,46,0.030718336483931945,-9.21516287300975e-05,0.04725897920604915
0409,46,0.09735349716446125,1.3368443390312569e-05,0.08506616257088846
0410,46,0.0949905482041588,1.4839338735004942e-05,0.11153119092627599
0411,46,0.23015122873345936,7.347505812841033e-05,0.19139886578449905
0412,46,0.039224952741020794,2.168945747916146e-05,0.04914933837429111
0413,46,0.0997164461247637,6.915808692806375e-05,0.11294896030245746
0414,46,0.055293005671077505,3.1876676472236915e-05,0.07041587901701324
0415,46,0.05907372400756144,1.5718968591232787e-05,0.09357277882797732
0416,46,0.08270321361058601,-3.6157329199610917e-05,0.07703213610586011
0417,46,0.05198487712665406,-6.172532155894077e-05,0.09120982986767485
0418,46,0.09546313799621928,3.544407668391175e-05,0.11247637051039698
0419,46,0.16351606805293006,-3.084625979982191e-06,0.15926275992438563
0420,46,0.15170132325141777,3.4627595018390535e-05,0.11294896030245746
0421,46,0.10775047258979206,3.4118393138422344e-05,0.1446124763705104
0422,46,0.13563327032136105,0.00011950336231133818,0.1715500945179584
0423,46,0.09168241965973535,1.3428183535466346e-05,0.06994328922495274
0424,46,0.15689981096408318,0.00016945402289520215,0.18525519848771266
0425,46,0.138468809073724,-6.248313879220907e-05,0.15170132325141777
0426,46,0.1167296786389414,2.1651528388424675e-05,0.14886578449905483
0427,46,0.16209829867674858,-6.32217712833638e-05,0.1323251417769376
0428,46,0.139413988657845,8.455726128278287e-05,0.1885633270321361
0429,46,0.05671077504725898,3.2855188586275105e-05,0.10822306238185256
0430,46,0.06758034026465029,-4.861497298853652e-05,0.11436672967863894
0432,46,0.09120982986767485,3.100525374022693e-05,0.08790170132325142
0433,46,0.15784499054820417,-4.572907474765847e-06,0.15359168241965973
0434,46,0.10586011342155009,4.437922102301265e-05,0.10113421550094517
0435,46,0.10396975425330812,5.183918637459423e-05,0.08128544423440454
0436,46,0.1332703213610586,9.643395565847102e-06,0.10869565217391304
0438,46,0.04158790170132325,-2.7040351419448756e-06,0.07750472589792061
0439,46,0.06474480151228733,-2.9153072517156258e-05,0.0666351606805293
0440,46,0.21361058601134217,7.164827249923618e-05,0.16965973534971646
0441,46,0.10680529300567108,1.3547795671250604e-06,0.12287334593572778
0442,46,0.08601134215500945,3.8581358071887505e-05,0.0945179584120983
0443,46,0.12996219281663515,2.2086607904162005e-05,0.11767485822306238
0444,46,0.11011342155009451,3.211754561877593e-05,0.13137996219281664
0445,46,0.09357277882797732,-2.9152018437951857e-05,0.055765595463137994
0446,46,0.09877126654064272,-3.820708474206884e-05,0.10586011342155009
0447,46,0.16398865784499056,-9.667311449090572e-06,0.1290170132325142
0448,46,0.14508506616257089,-9.265398367847076e-05,0.11011342155009451
0449,46,0.12570888468809074,-1.036097849632146e-06,0.12145557655954631
0451,46,0.06758034026465029,-7.594099258519826e-05,0.06521739130434782
0452,46,0.2003780718336484,0.00011441048331769897,0.13705103969754254
0453,46,0.06332703213610585,2.0154122668207823e-05,0.04773156899810964
0454,46,0.08506616257088846,2.1213142706920786e-05,0.07939508506616257
0455,46,0.10775047258979206,2.2646206931368118e-05,0.08742911153119093
0456,46,0.09782608695652174,-1.782034227003587e-05,0.1285444234404537
0457,46,0.15170132325141777,7.892514656191238e-05,0.14224952741020794
0458,46,0.14035916824196598,-5.680395859287697e-05,0.11153119092627599
0459,46,0.05907372400756144,3.072341956430189e-05,0.0666351606805293
0460,46,0.04725897920604915,-4.7795446870960915e-05,0.012287334593572778
0461,46,0.05907372400756144,-3.3348311864143986e-05,0.0949905482041588
0462,46,0.11625708884688091,-2.3944373419400354e-05,0.08790170132325142
0463,46,0.08128544423440454,2.1787417378568773e-05,0.0945179584120983
0464,46,0.0671077504725898,1.3007815575385648e-05,0.10680529300567108
0465,46,0.062381852551984876,8.675492285771188e-05,0.0609640831758034
0466,46,0.08081285444234404,-3.211326431727858e-05,0.09120982986767485
0467,46,0.1824196597353497,8.199635102153362e-05,0.16398865784499056
0468,46,0.14224952741020794,6.473743168491084e-05,0.11956521739130435
0469,46,0.07514177693761814,9.194762911343037e-05,0.1053875236294896
0470,46,0.14130434782608695,5.981932470527072e-05,0.12381852551984877
0471,46,0.0883742911153119,-2.527574787605216e-05,0.07608695652173914
0472,46,0.05340264650283554,-2.0993776955609733e-05,0.07419659735349717
0473,46,0.020793950850661626,-4.048540006229139e-05,0.0666351606805293
0474,46,0.06947069943289225,-4.576191997453179e-05,0.09735349716446125
0475,46,0.13043478260869565,0.0001037925931788008,0.12145557655954631
0477,46,0.08648393194706994,-2.078883310517262e-06,0.0949905482041588
0478,46,0.05340264650283554,-0.00010426362382752512,0.07419659735349717
0479,46,0.026937618147448016,-6.674593627872989e-05,0.0997164461247637
0480,46,0.022684310018903593,7.21477158452797e-05,0.023156899810964082
0481,46,0.12476370510396975,4.1944173208296315e-05,0.08979206049149338
0482,46,0.0661625708884688,6.392417013198503e-05,0.09215500945179585
0483,46,0.04111531190926276,0.00010783035082888998,0.06427221172022685
0484,46,0.18714555765595464,8.590902868278109e-05,0.19092627599243855
0485,46,0.05718336483931947,-0.00010973127895710162,0.07372400756143667
0487,46,0.14177693761814744,-6.616503523993914e-05,0.1389413988657845
0489,46,0.05718336483931947,-3.7358782554353055e-05,0.08553875236294896
0490,46,0.11011342155009451,6.45404011032669e-05,0.08601134215500945
0491,46,0.15973534971644612,3.6461574672292936e-05,0.14933837429111532
0492,46,0.15359168241965973,6.325285652664076e-05,0.14508506616257089
0493,46,0.14130434782608695,-5.470984270782378e-06,0.1219281663516068
0495,46,0.07136105860113422,-7.017180021708086e-05,0.09168241965973535
0496,46,0.07325141776937619,-5.101053160393924e-05,0.0945179584120983
0497,46,0.10916824196597354,3.916884974859675e-05,0.11578449905482041
0498,46,0.06899810964083176,-2.31119265852691e-05,0.07608695652173914
0499,46,0.0661625708884688,-4.3306394537718964e-05,0.07372400756143667
0500,46,0.055765595463137994,-7.668065505992945e-06,0.05103969754253308
0501,46,0.12996219281663515,4.1724121006161995e-05,0.11389413988657845
0502,46,0.02599243856332703,-7.223085044381688e-06,0.06805293005671077
0503,46,0.17013232514177692,2.7739904013549606e-05,0.1323251417769376
0504,46,0.07750472589792061,-5.0668085656664836e-05,0.10396975425330812
0505,46,0.12523629489603025,4.09477443154077e-05,0.07183364839319471
0508,46,0.12523629489603025,5.528299192763002e-05,0.13657844990548204
0509,46,0.09120982986767485,5.0824094088297686e-05,0.07514177693761814
0510,46,0.10916824196597354,-2.9165730539253707e-05,0.10444234404536862
0511,46,0.10491493383742911,-3.048559410509321e-05,0.08648393194706994
0512,46,0.12523629489603025,2.327751778580749e-05,0.15075614366729678
0514,46,0.055293005671077505,2.183262990342348e-05,0.05245746691871456
0515,46,0.08742911153119093,8.473037834405708e-05,0.11720226843100189
0516,46,0.15595463137996218,-4.5801047449811106e-05,0.19328922495274103
0517,46,0.09924385633270322,-5.09623438247607e-05,0.08506616257088846
0518,46,0.1219281663516068,7.109290394413843e-05,0.14697542533081284
0520,46,0.11483931947069943,-9.686244154953285e-05,0.12618147448015124
0521,46,0.16162570888468808,6.999473799578518e-05,0.13610586011342155
0523,46,0.0997164461247637,-3.648593343474069e-05,0.08742911153119093
0524,46,0.15359168241965973,-5.949060988605522e-05,0.16304347826086957
0525,46,0.15784499054820417,3.887499393823287e-05,0.1323251417769376
0527,46,0.11862003780718336,6.373139530382741e-05,0.12948960302457466
0529,46,0.15500945179584122,-6.486589816462644e-05,0.12334593572778828
0530,46,0.1323251417769376,1.555314747399896e-05,0.13137996219281664
0531,46,0.08601134215500945,-3.607325260675503e-05,0.06758034026465029
0532,46,0.07514177693761814,6.0654802747282755e-06,0.08553875236294896
0533,46,0.11011342155009451,9.522744076310074e-05,0.06049149338374291
0534,46,0.14272211720226843,-3.941226858789439e-06,0.13090737240075614
0535,46,0.0888468809073724,0.00013182043330628663,0.10822306238185256
0536,46,0.1219281663516068,-5.036649766454167e-05,0.06190926275992439
0538,46,0.05245746691871456,7.497326456756544e-05,0.06758034026465029
0539,46,0.1280718336483932,-4.688954870786803e-06,0.1290170132325142
0540,46,0.19234404536862004,6.816132560795397e-05,0.11483931947069943
0541,46,0.10916824196597354,-4.145970872926238e-05,0.07277882797731569
0542,46,0.1999054820415879,5.562715346783299e-05,0.11814744801512288
0544,46,0.06568998109640832,0.00012309884949523434,0.0723062381852552
0545,46,0.1275992438563327,0.00022635162789658514,0.09688090737240075
0546,46,0.055765595463137994,-1.3019673189532024e-05,0.11625708884688091
0547,46,0.09215500945179585,-3.043395214274514e-05,0.09168241965973535
0548,46,0.08412098298676748,6.181539379794077e-05,0.07325141776937619
0549,46,0.10680529300567108,5.275643142174679e-05,0.07325141776937619
0551,46,0.08223062381852551,9.345492960176761e-06,0.09215500945179585
0552,46,0.06994328922495274,4.505456194527291e-05,0.036389413988657845
0553,46,0.10396975425330812,1.7579981147847418e-06,0.06899810964083176
0554,46,0.10207939508506617,-9.365401353969506e-05,0.11200378071833648
0555,46,0.12570888468809074,1.4456747382004848e-05,0.10160680529300567
0556,46,0.07277882797731569,6.343915300172765e-05,0.07750472589792061
0557,46,0.23771266540642721,3.413809721912372e-05,0.14603024574669188
0558,46,0.04017013232514178,-2.204151363796559e-05,0.0666351606805293
0559,46,0.046313799621928164,0.00011493946964400857,0.01984877126654064
0560,46,0.07514177693761814,1.8097579169297495e-05,0.07372400756143667
0561,46,0.139413988657845,-2.2393856597912503e-05,0.13988657844990549
0562,46,0.12948960302457466,-1.4924017619692362e-05,0.12948960302457466
0564,46,0.039224952741020794,-1.0173316562446001e-05,0.01606805293005671
0565,46,0.017958412098298678,-1.61395176475395e-05,0.055765595463137994
0566,46,0.10396975425330812,5.3841493314195756e-05,0.09735349716446125
0569,46,0.17060491493383742,2.5931176918731163e-05,0.16587901701323252
0570,46,0.14130434782608695,6.699802811521705e-05,0.1498109640831758
0571,46,0.11247637051039698,4.398626785616643e-05,0.08364839319470699
0572,46,0.07750472589792061,1.699876880436891e-05,0.06379962192816635
0573,46,0.029773156899810964,-9.686003022415872e-05,0.05387523629489603
0574,46,0.07561436672967864,-2.2619972644206585e-06,0.10396975425330812
0575,46,0.06758034026465029,-3.2140100751572504e-05,0.0723062381852552
0576,46,0.06332703213610585,5.2690030127334694e-05,0.05387523629489603
0577,46,0.08034026465028356,-3.880294399269282e-06,0.10302457466918714
0578,46,0.09924385633270322,-3.790522556579594e-05,0.09877126654064272
0579,46,0.010869565217391304,-6.189918739660406e-05,0.06143667296786389
0581,46,0.05623818525519849,-0.00017162275977620047,0.06899810964083176
0583,46,0.10207939508506617,8.298626888892258e-06,0.0883742911153119
0584,46,0.18667296786389415,0.00011540209829572845,0.1838374291115312
0585,46,0.09877126654064272,-1.4689881244166257e-05,0.09262759924385633
0586,46,0.18005671077504726,2.1413469111517718e-05,0.12996219281663515
0587,46,0.1767485822306238,8.630542289990217e-05,0.194234404536862
0588,46,0.10160680529300567,6.161993806923883e-05,0.0883742911153119
0589,46,0.10255198487712665,3.225387877556988e-05,0.11294896030245746
0590,46,0.14035916824196598,5.4964806155650546e-05,0.08790170132325142
0591,46,0.30293005671077505,9.566528462855639e-05,0.22353497164461247
0593,46,0.02599243856332703,-9.421640763481793e-05,0.06332703213610585
0594,46,0.11625708884688091,-2.099189904268019e-05,0.16776937618147447
0595,46,0.05198487712665406,-0.00010555648638920829,0.09026465028355388
0596,46,0.11956521739130435,-2.7111396293941312e-05,0.11862003780718336
0597,46,0.07703213610586011,8.175897087641252e-05,0.138468809073724
0598,46,0.07703213610586011,0.00010577084204187566,0.09073724007561437
0599,46,0.05103969754253308,-6.959443313674991e-05,0.0661625708884688
0600,46,0.14508506616257089,6.985631394798862e-05,0.11294896030245746
0601,46,0.1323251417769376,-3.6319099133782606e-05,0.08553875236294896
0602,46,0.24716446124763705,6.791789934908709e-05,0.1994328922495274
0603,46,0.0222117202268431,-7.973099586679812e-05,0.04300567107750473
0604,46,0.15122873345935728,4.542944230424438e-05,0.12996219281663515
0605,46,0.0893194706994329,3.535098204728325e-05,0.07986767485822306
0607,46,0.09877126654064272,9.341735430844499e-05,0.11058601134215501
0608,46,0.1899810964083176,5.656570036822556e-05,0.17438563327032136
0609,46,0.11389413988657845,1.338704444510424e-05,0.12996219281663515
0610,46,0.1611531190926276,-5.101446011868425e-05,0.14366729678638943
0611,46,0.1389413988657845,8.592301646097669e-06,0.15500945179584122
0613,46,0.15926275992438563,0.00017033271649515865,0.13610586011342155
0614,46,0.08742911153119093,-8.365026224063004e-05,0.0723062381852552
0615,46,0.10396975425330812,4.999605070213586e-05,0.11342155009451796
0616,46,0.07939508506616257,8.779557890000356e-06,0.08979206049149338
0617,46,0.11483931947069943,3.9342881654205416e-05,0.12287334593572778
0618,46,0.11767485822306238,2.146768270728307e-05,0.07892249527410208
0619,46,0.0330812854442344,2.2920582692126813e-05,0.054820415879017016
0620,46,0.10444234404536862,6.15803298009668e-05,0.11058601134215501
0621,46,0.16965973534971646,6.447721773501303e-05,0.1498109640831758
0622,46,0.06852551984877127,-7.072356910826032e-05,0.11767485822306238
0623,46,0.08695652173913043,-6.881311490709646e-05,0.10869565217391304
0624,46,0.08695652173913043,6.100864235214493e-05,0.11294896030245746
0625,46,0.14366729678638943,2.7011911803378748e-05,0.12570888468809074
0626,46,0.09120982986767485,-8.326986295315519e-05,0.1001890359168242
0627,46,0.21313799621928167,7.662384992767951e-05,0.19612476370510398
0628,46,0.12523629489603025,1.6080306028224106e-05,0.11909262759924386
0629,46,0.20746691871455578,3.1821447182392264e-05,0.11862003780718336
0630,46,0.10444234404536862,-6.820359190054591e-06,0.15689981096408318
0631,46,0.08506616257088846,-5.3527763903889625e-06,0.08790170132325142
0633,46,0.08412098298676748,5.768417656189218e-07,0.09688090737240075
0635,46,0.10727788279773157,5.574728585044551e-05,0.06947069943289225
0636,46,0.16398865784499056,1.2962581284952615e-05,0.17391304347826086
0637,46,0.10302457466918714,-8.019024345143658e-05,0.12334593572778828
0638,46,0.13516068052930058,-2.030656368226611e-05,0.10680529300567108
0639,46,0.15359168241965973,5.682632475661597e-07,0.1446124763705104
0640,46,0.10160680529300567,-2.484788591105311e-05,0.1110586011342155
0641,46,0.11531190926275993,-1.1910715163927766e-05,0.10491493383742911
0642,46,0.09829867674858223,2.1155585859347604e-05,0.13516068052930058
0643,46,0.1880907372400756,7.111239651476391e-05,0.138468809073724
0644,46,0.02835538752362949,1.4660474694906103e-05,0.046313799621928164
0645,46,0.15926275992438563,7.809821383364445e-05,0.12618147448015124
0646,46,0.10869565217391304,-4.859141350686293e-05,0.07750472589792061
0648,46,0.06379962192816635,4.440828839082431e-05,0.06379962192816635
0649,46,0.18147448015122875,1.7763894927636458e-05,0.1441398865784499
0650,46,0.0671077504725898,3.283866924675777e-05,0.09120982986767485
0651,46,0.07419659735349717,-2.5829430538145174e-05,0.06568998109640832
0653,46,0.11483931947069943,-5.734981197926187e-05,0.0940453686200378
0654,46,0.14272211720226843,1.7859321944534623e-05,0.12334593572778828
0655,46,0.14508506616257089,6.185766070245565e-06,0.13090737240075614
0657,46,0.08364839319470699,-2.1661065093426385e-06,0.04300567107750473
0660,46,0.12051039697542533,3.665213881622097e-05,0.15548204158790171
0661,46,0.06332703213610585,7.154971946012279e-05,0.04206049149338374
0662,46,0.010396975425330813,-4.092828998088579e-05,0.026465028355387523
0663,46,0.07372400756143667,-3.433319515922569e-05,0.06049149338374291
0664,46,0.052930056710775046,9.096469241077226e-05,0.0940453686200378
0665,46,0.10491493383742911,-3.370232884947606e-05,0.06143667296786389
0666,46,0.0893194706994329,-6.306046516115616e-05,0.10775047258979206
0667,46,0.07136105860113422,-4.95762317723735e-05,0.09735349716446125
0668,46,0.20982986767485823,4.069858059455587e-05,0.20746691871455578
0669,46,0.07939508506616257,5.762848492839979e-05,0.0997164461247637
0670,46,0.13657844990548204,6.073281268087298e-05,0.14603024574669188
0671,46,0.14792060491493383,0.00014073494193092106,0.16020793950850662
0672,46,0.16446124763705103,5.959411609068584e-05,0.14130434782608695
0673,46,0.1838374291115312,1.9518257469082023e-05,0.138468809073724
0674,46,0.08553875236294896,-3.5805360728866943e-05,0.07892249527410208
0675,46,0.15170132325141777,4.780347497026599e-05,0.11200378071833648
0676,46,0.09120982986767485,7.833018699566075e-05,0.07939508506616257
0677,46,0.03733459357277883,-4.9907640200722156e-05,0.0666351606805293
0678,46,0.08459357277882798,-1.3442771272059685e-05,0.06758034026465029
0679,46,0.16257088846880907,3.5599381931785605e-05,0.1441398865784499
0680,46,0.13043478260869565,5.235535038716478e-05,0.1342155009451796
0681,46,0.1937618147448015,6.593180272586389e-05,0.14839319470699433
0682,46,0.08979206049149338,5.101909307527743e-06,0.09877126654064272
0683,46,0.06379962192816635,2.9270490355292093e-05,0.08364839319470699
0684,46,0.09688090737240075,9.080868049560079e-05,0.07325141776937619
0685,46,0.07136105860113422,-0.00014909471084191984,0.06899810964083176
0686,46,0.09782608695652174,3.009583708481916e-05,0.07986767485822306
0687,46,0.06001890359168242,-2.166467851574854e-05,0.024102079395085067
0688,46,0.04773156899810964,1.042904172830403e-05,0.07136105860113422
0689,46,0.12334593572778828,7.615911435365915e-05,0.0893194706994329
0690,46,0.16493383742911152,9.709634273361402e-05,0.18147448015122875
0692,46,0.24716446124763705,-2.076071890472496e-05,0.20652173913043478
0694,46,0.1280718336483932,1.588203488252438e-05,0.14130434782608695
0695,46,0.13563327032136105,-4.9006537462413535e-05,0.09026465028355388
0696,46,0.07041587901701324,-2.605501728714522e-05,0.06474480151228733
0697,46,0.02599243856332703,-1.0981807151182123e-05,0.05056710775047259
0698,46,0.09026465028355388,-1.1933500503571635e-06,0.08223062381852551
0699,46,0.15359168241965973,4.45887511741483e-06,0.11767485822306238
0700,46,0.138468809073724,6.53364776392059e-05,0.12570888468809074
0701,46,0.11436672967863894,6.762692993155135e-05,0.09026465028355388
0704,46,0.1828922495274102,2.537713337731547e-05,0.13137996219281664
0705,46,0.1219281663516068,2.8302374168728134e-05,0.09829867674858223
0706,46,0.14603024574669188,2.8489321106651283e-05,0.13610586011342155
0707,46,0.1167296786389414,6.679635361961405e-05,0.08081285444234404
0708,46,0.14130434782608695,-2.3227515765700073e-05,0.13563327032136105
0709,46,0.12996219281663515,-1.2229004854512294e-05,0.14130434782608695
0710,46,0.10255198487712665,-3.850836547371057e-05,0.07514177693761814
0711,46,0.1337429111531191,5.493277162829549e-07,0.1271266540642722
0712,46,0.09640831758034027,2.728652944661037e-05,0.08223062381852551
0713,46,0.05151228733459357,-0.00012829125578107134,0.0609640831758034
0714,46,0.15784499054820417,-5.428214368802768e-05,0.11909262759924386
0716,46,0.138468809073724,-4.9218628882915757e-05,0.10113421550094517
0718,46,0.05907372400756144,7.702162930117685e-05,0.08223062381852551
0719,46,0.1715500945179584,3.2207198431253334e-05,0.17911153119092627
0721,46,0.14744801512287334,5.6285860415191454e-05,0.11389413988657845
0723,46,0.058128544423440454,-8.30737238437431e-05,0.09357277882797732
0724,46,0.1502835538752363,-3.105936537837751e-05,0.13090737240075614
0725,46,0.036862003780718335,-9.156575307741558e-05,0.04725897920604915
0726,46,0.10066162570888469,4.31660147246697e-06,0.10586011342155009
0727,46,0.15217391304347827,4.994242532259914e-05,0.10396975425330812
0728,46,0.09688090737240075,-3.851998103288854e-05,0.09310018903591682
0730,46,0.05151228733459357,5.5133761037842624e-05,0.05718336483931947
0732,46,0.16209829867674858,9.160472502333945e-06,0.15264650283553874
0733,46,0.08790170132325142,2.147449522326171e-05,0.06285444234404537
0734,46,0.0940453686200378,-7.67899440765085e-05,0.11483931947069943
0735,46,0.08223062381852551,-3.366739424050182e-06,0.10491493383742911
0736,46,0.12618147448015124,1.9639526610216106e-05,0.138468809073724
0737,46,0.11767485822306238,1.4301867984119242e-05,0.10822306238185256
0738,46,0.0893194706994329,-6.50013531755606e-05,0.1275992438563327
0739,46,0.17580340264650285,0.00010035549730290377,0.13988657844990549
0740,46,0.1001890359168242,6.20506750546629e-05,0.1290170132325142
0741,46,0.05954631379962193,2.067990284474998e-05,0.0661625708884688
0745,46,0.04253308128544423,3.55385122369537e-05,0.034026465028355386
0746,46,0.10349716446124764,5.664296581256369e-05,0.10444234404536862
0747,46,0.08648393194706994,-1.4888729201964826e-05,0.08412098298676748
0748,46,0.15264650283553874,4.0406062695901956e-05,0.15689981096408318
0749,46,0.11200378071833648,1.3797450030044985e-05,0.1219281663516068
0750,46,0.09357277882797732,-1.588111900955962e-05,0.06805293005671077
0752,46,0.08412098298676748,3.5796556536771035e-06,0.07939508506616257
0754,46,0.12098298676748583,-3.787367102261606e-05,0.12523629489603025
0755,46,0.017485822306238186,5.32193077695726e-05,0.048676748582230624
0756,46,0.23015122873345936,0.00014845364549978654,0.1895085066162571
0757,46,0.10066162570888469,4.0510411801696316e-05,0.08553875236294896
0758,46,0.11909262759924386,5.678147111428869e-05,0.10869565217391304
0759,46,0.15595463137996218,4.808691024281138e-05,0.15075614366729678
0760,46,0.06332703213610585,-8.482300456899648e-05,0.08081285444234404
0761,46,0.14650283553875237,6.081154674610371e-07,0.14177693761814744
0762,46,0.11058601134215501,-8.436640704292096e-06,0.06852551984877127
0763,46,0.11956521739130435,1.2422576508031307e-05,0.11814744801512288
0764,46,0.048676748582230624,-3.33261783953216e-05,0.10066162570888469
0765,46,0.0500945179584121,1.3486392459504456e-05,0.06899810964083176
0766,46,0.06899810964083176,4.303042726884384e-05,0.10302457466918714
0767,46,0.1389413988657845,3.775869122317818e-05,0.15784499054820417
0768,46,0.222117202268431,0.00014173534047914389,0.2632325141776938
0769,46,0.194234404536862,6.75860263794125e-05,0.13468809073724008
0770,46,0.1720226843100189,9.464009969556084e-05,0.15453686200378072
0771,46,0.1275992438563327,1.7518098252236863e-05,0.11483931947069943
0773,46,0.04725897920604915,4.507240432318068e-05,0.04914933837429111
0774,46,0.12523629489603025,6.65016891271552e-05,0.11578449905482041
0775,46,0.06379962192816635,4.658065221194662e-05,0.07419659735349717
0776,46,0.13137996219281664,-7.783369239385061e-05,0.1271266540642722
0777,46,0.14886578449905483,-8.184537652000342e-06,0.1280718336483932
0778,46,0.11247637051039698,4.34082293779867e-05,0.11956521739130435
0779,46,0.13090737240075614,-9.340050788205916e-05,0.14130434782608695
0780,46,0.07561436672967864,-5.322184227406955e-05,0.055765595463137994
0781,46,0.0883742911153119,-3.515213949911261e-05,0.1053875236294896
0782,46,0.19187145557655955,-0.00010430203712215536,0.1389413988657845
0783,46,0.15689981096408318,-4.3505395065843915e-05,0.10160680529300567
0784,46,0.10680529300567108,-7.610782117271084e-06,0.09688090737240075
0785,46,0.14319470699432893,2.1842532544477915e-05,0.11767485822306238
0787,46,0.0883742911153119,4.440813372484035e-05,0.08790170132325142
0788,46,0.1781663516068053,3.127621090250662e-05,0.13516068052930058
0789,46,0.08979206049149338,4.3417934135261136e-05,0.06994328922495274
0790,46,0.0609640831758034,6.380018186539138e-06,0.04300567107750473
0791,46,0.10775047258979206,2.1732385878788776e-05,0.08648393194706994
0793,46,0.1833648393194707,6.289972907928088e-05,0.14319470699432893
0794,46,0.05954631379962193,-2.6811224229935575e-05,0.0500945179584121
0795,46,0.1767485822306238,-7.11155942797623e-05,0.1332703213610586
0796,46,0.09924385633270322,1.731949800767282e-05,0.13137996219281664
0797,46,0.1838374291115312,0.00013329071066510445,0.15879017013232513
0798,46,0.09168241965973535,-2.6125677090544004e-05,0.07750472589792061
0801,46,0.17958412098298676,0.00017374271609411785,0.21597353497164462
0802,46,0.05387523629489603,-6.628421965446866e-05,0.07183364839319471
0803,46,0.06947069943289225,-4.504049889260246e-05,0.1053875236294896
0804,46,0.08081285444234404,-1.7262753840364736e-05,0.09782608695652174
0805,46,0.06285444234404537,-1.2360402942270963e-05,0.0723062381852552
0811,46,0.12003780718336483,-3.3786052727609013e-05,0.1219281663516068
0812,46,0.18052930056710775,0.0001013559839991088,0.15642722117202268
0813,46,0.07041587901701324,-6.038847098153614e-05,0.10869565217391304
0814,46,0.11720226843100189,-1.9787905230894047e-05,0.0888468809073724
0815,46,0.06285444234404537,-7.976253671545001e-05,0.06852551984877127
0816,46,0.11720226843100189,0.0001126264359114596,0.10349716446124764
0818,46,0.07986767485822306,-1.1319558739365083e-06,0.0949905482041588
0819,46,0.07136105860113422,-2.6712513178553008e-05,0.11058601134215501
0820,46,0.08790170132325142,0.00011966500012260513,0.0997164461247637
0822,46,0.13988657844990549,0.00010205625377543112,0.1266540642722117
0823,46,0.07844990548204159,5.862947000947192e-05,0.07986767485822306
0824,46,0.10586011342155009,1.8483127884397752e-05,0.08742911153119093
0825,46,0.14792060491493383,3.297945960024608e-05,0.12429111531190926
0827,46,0.10680529300567108,8.270078558920816e-06,0.12476370510396975
0828,46,0.06994328922495274,-8.394098337632759e-05,0.08979206049149338
0829,46,0.11767485822306238,1.6372224874672226e-07,0.09546313799621928
0830,46,0.12618147448015124,0.00016301280096501152,0.1389413988657845
0831,46,0.07750472589792061,6.145629492205134e-05,0.07372400756143667
0832,46,0.24291115311909262,-1.725876037169565e-06,0.1843100189035917
0833,46,0.138468809073724,-1.6285210417926895e-05,0.08175803402646503
0834,46,0.24763705103969755,0.00015883036872737908,0.2712665406427221
0835,46,0.12523629489603025,3.9043936007146626e-05,0.13137996219281664
0836,46,0.062381852551984876,-6.727444220229494e-07,0.0723062381852552
0837,46,0.12051039697542533,-9.27693541575539e-06,0.16965973534971646
0838,46,0.10160680529300567,-2.5810535995492048e-05,0.07372400756143667
0839,46,0.06805293005671077,6.352002109708346e-06,0.08790170132325142
0840,46,0.08648393194706994,-1.5833590211018658e-05,0.07608695652173914
0842,46,0.13468809073724008,4.020389808490505e-05,0.14177693761814744
0843,46,0.1668241965973535,-2.0269357463552633e-05,0.12051039697542533
0844,46,0.08695652173913043,2.755172108768843e-05,0.07892249527410208
0845,46,0.09593572778827977,3.505356096690889e-05,0.07703213610586011
0846,46,0.10964083175803403,-1.4393381137687298e-05,0.11814744801512288
0847,46,0.0444234404536862,-5.702217255811959e-05,0.06758034026465029
0848,46,0.055765595463137994,2.091842442201292e-05,0.055293005671077505
0849,46,0.15217391304347827,-1.0669420691552926e-05,0.11767485822306238
0850,46,0.18005671077504726,8.094670184704173e-05,0.14130434782608695
0851,46,0.20368620037807184,5.47391708614328e-06,0.139413988657845
0852,46,0.04773156899810964,-4.3790417631419504e-05,0.05245746691871456
0853,46,0.0883742911153119,3.270952219939626e-05,0.08979206049149338
0854,46,0.07608695652173914,-0.0001266597680229425,0.06947069943289225
0855,46,0.1323251417769376,-3.6815265962877744e-05,0.06143667296786389
0856,46,0.18100189035916825,7.440999020583101e-05,0.14508506616257089
0857,46,0.02599243856332703,5.824699190126395e-05,0.048204158790170135
0858,46,0.08081285444234404,0.0001255950712568187,0.0945179584120983
0859,46,0.06190926275992439,-5.623831926668472e-05,0.1275992438563327
0860,46,0.10586011342155009,1.8628620754485112e-05,0.0671077504725898
0861,46,0.036862003780718335,-2.1281799697918185e-05,0.03780718336483932
0862,46,0.04395085066162571,-2.2505180627156707e-05,0.07277882797731569
0864,46,0.13090737240075614,2.514285821442208e-06,0.12098298676748583
0865,46,0.11294896030245746,9.43651480648925e-06,0.05434782608695652
0866,46,0.22542533081285443,3.402405707772011e-05,0.1498109640831758
0867,46,0.12003780718336483,-3.2577307583584684e-05,0.11767485822306238
0869,46,0.11625708884688091,1.5186695272625917e-05,0.09924385633270322
0870,46,0.04914933837429111,6.739090525538277e-05,0.07892249527410208
0872,46,0.1266540642722117,-4.946993270447042e-06,0.11200378071833648
0873,46,0.04206049149338374,-1.0127594498948516e-05,0.07703213610586011
0875,46,0.10349716446124764,-2.4952724215314577e-05,0.1053875236294896
0877,46,0.12570888468809074,8.495610984655039e-05,0.13799621928166353
0879,46,0.04962192816635161,-1.0181662312371128e-05,0.05434782608695652
0880,46,0.07183364839319471,-0.0001340425287055223,0.07750472589792061
0881,46,0.039224952741020794,1.082191113423674e-05,0.07939508506616257
0882,46,0.16398865784499056,-5.339587857574918e-05,0.10302457466918714
0883,46,0.13468809073724008,-3.084767434128417e-05,0.139413988657845
0884,46,0.0666351606805293,-0.00011678875993710271,0.0723062381852552
0885,46,0.10633270321361059,3.7124688683433664e-05,0.0883742911153119
0887,46,0.05860113421550094,-2.5967493153459045e-05,0.06049149338374291
0888,46,0.09215500945179585,9.830872571174143e-05,0.09215500945179585
0889,46,0.05434782608695652,2.2373579638137033e-05,0.07372400756143667
0890,46,0.06521739130434782,3.870654801249888e-05,0.09924385633270322
0891,46,0.038752362948960305,-3.9117167614113315e-05,0.017958412098298678
0892,46,0.14650283553875237,-4.645761495220821e-05,0.16871455576559546
0893,46,0.06474480151228733,-6.248127758871468e-05,0.09593572778827977
0894,46,0.11153119092627599,3.8256294919896577e-05,0.08979206049149338
0895,46,0.19139886578449905,2.306407408036136e-05,0.16965973534971646
0896,46,0.04064272211720227,3.7345019534769245e-05,0.08553875236294896
0897,46,0.12051039697542533,3.694986388745136e-05,0.15973534971644612
0898,46,0.10207939508506617,-4.8646644446795416e-05,0.1001890359168242
0900,46,0.07277882797731569,-1.1794849133112161e-05,0.10302457466918714
0901,46,0.11956521739130435,-2.3315309297363643e-05,0.06758034026465029
0903,46,0.07892249527410208,6.154459225851222e-05,0.08175803402646503
0904,46,0.2632325141776938,5.516246086303023e-05,0.18100189035916825
0905,46,0.07136105860113422,-9.962558261886287e-05,0.05907372400756144
0906,46,0.08364839319470699,-2.8833962477018955e-05,0.06001890359168242
0907,46,0.1053875236294896,-1.6304615595122158e-05,0.14083175803402648
0908,46,0.10775047258979206,-0.00011556176134953618,0.14697542533081284
0909,46,0.08128544423440454,-2.4711455536645366e-06,0.1167296786389414
0910,46,0.043478260869565216,-1.649448765597694e-05,0.10160680529300567
0911,46,0.07844990548204159,-3.63359057530834e-05,0.08648393194706994
0912,46,0.05056710775047259,1.4159156683258569e-05,0.07183364839319471
0913,46,0.08034026465028356,-7.016828640490241e-05,0.062381852551984876
0914,46,0.1332703213610586,9.115911928682223e-05,0.13185255198487714
0915,46,0.1224007561436673,8.22827346852131e-06,0.10775047258979206
0916,46,0.09168241965973535,-0.00017299718205681644,0.08223062381852551
0917,46,0.048204158790170135,4.0472213923345944e-05,0.039224952741020794
0918,46,0.12570888468809074,-7.491529486391014e-05,0.09357277882797732
0919,46,0.06379962192816635,-4.832642929410841e-05,0.07088846880907372
0920,46,0.04914933837429111,-3.7609168590909867e-06,0.06521739130434782
0921,46,0.15689981096408318,8.37250990017213e-05,0.14886578449905483
0922,46,0.0831758034026465,1.0163212143821706e-05,0.07419659735349717
