feature,coupling_risk,median_rho,iqr_rho,mean_fisher_z,t_vs_zero,p_ttest,p_wilcoxon,median_partial_R2_beyond_degree,median_theilsen_slope,n_subjects,q_bh,frac_subjects_same_sign
degree,False,-0.02547053527783443,0.05336901903662266,-0.02511044174936322,-17.41913715388071,7.376398322243564e-58,1.885726880729872e-51,0.0,6.33138714030749e-08,801,8.851677986692277e-58,0.7278401997503121
strength,False,-0.0688850221267307,0.07217306014110014,-0.06953006251009679,-36.67857393665105,1.5510034430665093e-173,3.55434233910412e-116,0.009179285503980283,1.4950062661031326e-05,801,2.326505164599764e-173,0.9026217228464419
betweenness,True,0.1332919320609954,0.0759474400598735,0.1302443729631364,63.96806054873098,0.0,4.7683469198579084e-132,0.06768955863497739,2.8544786273848215e-05,801,0.0,0.9837702871410736
closeness_d,True,0.2488635827965445,0.0769832459822821,0.2514990476212503,121.88652054883516,0.0,9.531337391756005e-133,0.4075862264578667,3.7627844121635645e-05,801,0.0,1.0
redundancy,True,-0.2179184702753998,0.08350432270911323,-0.2204076282090799,-93.4141676196308,0.0,9.531337391756005e-133,0.29150710966388216,-7.590816720868051e-05,801,0.0,1.0
bridge,False,0.49847591211536907,0.10068515704554831,0.5487398319255549,156.3090845631942,0.0,9.531337391756005e-133,0.16472416973118342,7.337967296902521e-05,801,0.0,1.0
participation,False,-0.16764309728409507,0.1309678537562246,-0.17177089787984112,-51.512873137791,2.7270793067298555e-256,2.7086043678378567e-130,0.007001814429891784,-1.2759955423621016e-05,801,5.454158613459711e-256,0.9762796504369539
within_module_z,False,-0.018594593726170304,0.06474269087223328,-0.019138427141624028,-11.446101998948064,3.36111569019146e-28,1.6602720220267866e-25,0.005281968578324303,6.4810935704812865e-06,801,3.3611156901914603e-28,0.6454431960049938
kcore,False,0.05563977774771777,0.13522998326571364,0.055180413312926,14.798467417242694,5.615748761966643e-44,4.199993757305052e-39,0.0019087391239436258,6.111976594742642e-06,801,6.126271376690883e-44,0.7103620474406991
eigenvector,False,0.08343442664289724,0.07451134767857798,0.08273772748658395,41.059895105306424,3.7654240111265867e-199,4.773180046936418e-122,0.05363923841067775,1.009545166797093e-05,801,6.45501259050272e-199,0.9313358302122348
pagerank,False,-0.037879569756662325,0.05550026788200453,-0.03823119194452788,-26.37848473872916,7.935464103054457e-111,5.253086587843616e-90,0.011881183581826549,-3.654793372067444e-07,801,1.0580618804072609e-110,0.815230961298377
clustering,False,-0.16584661420507738,0.0887849071892227,-0.16547317995300442,-69.9104669251048,0.0,2.2562355901692787e-132,0.08316125780992867,-2.9146103418925935e-05,801,0.0,0.9925093632958801
