feature,median_rho_null,iqr_rho_null,abs_rho_p95_null,median_rho_observed,obs_exceeds_null_p95
betweenness,0.16750181411634174,0.03419086060282675,0.21019174058525922,0.1332919320609954,False
bridge,-0.5957098808025466,0.05024554141876425,0.6538151906597721,0.49847591211536907,False
redundancy,-0.6228144691505926,0.046923710939452024,0.6807135635021481,-0.2179184702753998,False
participation,0.39085198634556545,0.06951186761215206,0.46094715523573854,-0.16764309728409507,False
within_module_z,0.09421365254283637,0.04479441297990128,0.14990319436626184,-0.018594593726170304,False
kcore,0.06269547975429868,0.03232767082637721,0.10032486929154927,0.05563977774771777,False
clustering,0.6846133501628802,0.044317321635039764,0.7314192870323856,-0.16584661420507738,False
eigenvector,0.09263395745080741,0.031695032078999166,0.13039131642805768,0.08343442664289724,False
pagerank,0.06181877572575495,0.03036488080781693,0.09613417881028405,-0.037879569756662325,False
